{
  "MMfreeLM-370M": {
    "prompt_0": {
      "text": "The capital of France is Paris. The capital of Germany is",
      "input_ids": [
        [
          1,
          415,
          5565,
          302,
          4843,
          349,
          5465,
          28723,
          415,
          5565,
          302,
          7293,
          349
        ]
      ],
      "results": {
        "eps_0.01": {
          "epsilon": 0.01,
          "ibp_tight_4": {
            "mean_width": 516577361920.0,
            "max_width": 1575204945920.0,
            "median_width": 510736007168.0,
            "token_widths": [
              [
                516577427456.0,
                516577427456.0,
                516577427456.0,
                516577427456.0,
                516577427456.0,
                516577427456.0,
                516577427456.0,
                516577427456.0,
                516577427456.0,
                516577427456.0,
                516577427456.0,
                516577427456.0,
                516577427456.0
              ]
            ],
            "entropy_mid": 10.373172760009766,
            "top1_agreement": 0.0,
            "top1_lb_vs_mid": 0.0,
            "top1_ub_vs_mid": 0.0,
            "certified_margin_mean": -1158008274944.0,
            "certified_robust_frac": 0.0,
            "layer_widths": [
              2000000.125,
              2000000.125,
              2000000.125,
              2000000.125
            ]
          },
          "ibp": {
            "error": "NaN at layer 1",
            "layer_widths_partial": [
              2000000.125
            ]
          },
          "ibp_crown_hybrid": {
            "ibp_width": 516577361920.0,
            "crown_width": 516577361920.0,
            "tightening_ratio": 1.0,
            "ibp_top1": 0.0,
            "crown_top1": 0.0,
            "time": 0.0790550708770752
          },
          "empirical": {
            "mean_width": 0.395263671875,
            "max_width": 3.93359375,
            "median_width": 0.30859375,
            "token_widths": [
              [
                0.1473388671875,
                0.433837890625,
                0.44482421875,
                0.51220703125,
                0.308837890625,
                0.484619140625,
                0.35498046875,
                0.480224609375,
                0.5078125,
                0.383056640625,
                0.400634765625,
                0.30419921875,
                0.3759765625
              ]
            ],
            "entropy_mid": NaN,
            "top1_agreement": 0.46153849363327026,
            "top1_lb_vs_mid": 0.8461538553237915,
            "top1_ub_vs_mid": 0.5384615659713745,
            "certified_margin_mean": -0.12261962890625,
            "certified_robust_frac": 0.46153849363327026,
            "time": 5.248258590698242
          },
          "mc_empirical": {
            "mean_width": 0.6845703125,
            "max_width": 3.2421875,
            "median_width": 0.63671875,
            "token_widths": [
              [
                0.2264404296875,
                0.57275390625,
                0.712890625,
                0.6396484375,
                0.5126953125,
                1.0556640625,
                0.67431640625,
                0.982421875,
                0.859375,
                0.73388671875,
                0.68310546875,
                0.57666015625,
                0.66796875
              ]
            ],
            "entropy_mid": NaN,
            "top1_agreement": 0.6153846383094788,
            "top1_lb_vs_mid": 0.692307710647583,
            "top1_ub_vs_mid": 0.7692307829856873,
            "certified_margin_mean": -0.64794921875,
            "certified_robust_frac": 0.3076923191547394,
            "time": 0.7384841442108154,
            "n_samples": 20
          }
        }
      }
    }
  }
}